semente;link;THC;CBD;CBG;CBN
chocolope seeds;https://www.seedbank.com/products/chocolope-seeds/;22,56;0,08;0,61;0,00
gorilla glue 4 seeds;https://www.seedbank.com/products/gorilla-glue-4-seeds/;27,74;0,14;0,26;0,07
feminized blue dream seeds;https://www.seedbank.com/products/feminized-blue-dream-seeds/;22,58;0,19;0,22;0,02
bruce banner seeds;https://www.seedbank.com/products/bruce-banner-seeds/;23,56;0,18;0,64;0,00
gsc seeds girl scout cookies;https://www.seedbank.com/products/gsc-seeds-girl-scout-cookies/;24,25;0,13;1,00;0,00
wedding cake seeds;https://www.seedbank.com/products/wedding-cake-seeds/;25,50;0,02;1,59;0,01
northern lights 5 seeds;https://www.seedbank.com/products/northern-lights-5-seeds/;20,92;0,19;0,25;0,00
granddaddy purple seeds;https://www.seedbank.com/products/granddaddy-purple-seeds/;21,96;0,03;0,37;0,00
auto purple kush seeds;https://www.seedbank.com/products/auto-purple-kush-seeds/;18,77;0,07;0,29;0,00
critical mass seeds;https://www.seedbank.com/products/critical-mass-seeds/;18,39;2,69;0,85;0,13
do si dos seeds;https://www.seedbank.com/products/do-si-dos-seeds/;26,55;0,04;2,27;0,00
auto super lemon haze seeds;https://www.seedbank.com/products/auto-super-lemon-haze-seeds/;21,71;0,29;0,66;0,00
feminized platinum cookies seeds;https://www.seedbank.com/products/feminized-platinum-cookies-seeds/;24,27;0,14;0,92;0,01
jack herer seeds strain;https://www.seedbank.com/products/jack-herer-seeds-strain/;20,87;0,19;1,05;0,00
pineapple auto seeds;https://www.seedbank.com/products/pineapple-auto-seeds/;20,71;0,06;0,27;0,00
purple punch seeds;https://www.seedbank.com/products/purple-punch-seeds/;23,33;0,05;0,17;0,00
strawberry cough seeds;https://www.seedbank.com/products/strawberry-cough-seeds/;19,54;0,22;0,04;0,00
purple haze strain;https://www.seedbank.com/products/purple-haze-strain/;19,67;0,11;0,76;0,00
green crack seeds;https://www.seedbank.com/products/green-crack-seeds/;22,53;0,16;0,65;0,01
blueberry strain seeds;https://www.seedbank.com/products/blueberry-strain-seeds/;19,96;0,13;0,14;0,00
chemdawg seeds;https://www.seedbank.com/products/chemdawg-seeds/;25,42;0,16;1,39;0,05
strawberry banana seeds;https://www.seedbank.com/products/strawberry-banana-seeds/;19,67;0,14;0,33;0,01
grape ape seeds;https://www.seedbank.com/products/grape-ape-seeds/;22,29;0,11;0,11;0,08
zkittlez seeds;https://www.seedbank.com/products/zkittlez-seeds/;21,22;0,03;0,49;0,00
white widow seeds;https://www.seedbank.com/products/white-widow-seeds/;25,12;0,28;0,21;0,16
skywalker og strain;https://www.seedbank.com/products/skywalker-og-strain/;23,94;0,15;1,17;0,12
kosher kush seeds;https://www.seedbank.com/products/kosher-kush-seeds/;26,60;0,11;0,30;0,00
bubba kush seeds;https://www.seedbank.com/products/bubba-kush-seeds/;23,85;0,08;0,27;0,00
hilo cbd seeds 20 cbd 1 thc;https://www.seedbank.com/products/hilo-cbd-seeds-20-cbd-1-thc/;0,91;24,75;0,30;0,00
cherry pie seeds;https://www.seedbank.com/products/cherry-pie-seeds/;16,74;0,09;0,53;0,04
northern lights 5 fast;https://www.seedbank.com/products/northern-lights-5-fast/;17,81;0,06;1,28;0,00
feminized afghan kush seeds;https://www.seedbank.com/products/feminized-afghan-kush-seeds/;21,11;0,39;1,75;0,00
alien technology seeds;https://www.seedbank.com/products/alien-technology-seeds/;22,44;0,02;0,34;0,10
purple gelato seeds;https://www.seedbank.com/products/purple-gelato-seeds/;23,46;0,02;0,82;0,01
true og kush seeds;https://www.seedbank.com/products/true-og-kush-seeds/;26,35;0,27;0,78;0,00
blue headband seeds;https://www.seedbank.com/products/blue-headband-seeds/;22,12;0,17;0,49;0,00
5 alive seeds;https://www.seedbank.com/products/5-alive-seeds/;25,98;0,02;0,28;0,01
white rhino seeds;https://www.seedbank.com/products/white-rhino-seeds/;26,49;0,13;0,48;0,00
trainwreck seeds;https://www.seedbank.com/products/trainwreck-seeds/;25,41;0,22;0,41;0,00
og kush seeds;https://www.seedbank.com/products/og-kush-seeds/;24,68;0,21;0,77;0,00
alaskan thunder fuck seeds;https://www.seedbank.com/products/alaskan-thunder-fuck-seeds/;0,00;0,00;0,00;0,00
runtz seeds;https://www.seedbank.com/products/runtz-seeds/;23,03;0,02;0,64;0,01
amnesia haze cannabis seeds;https://www.seedbank.com/products/amnesia-haze-cannabis-seeds/;24,49;0,25;0,21;0,13
sunset sherbet seeds;https://www.seedbank.com/products/sunset-sherbet-seeds/;19,44;0,13;0,78;0,00
super skunk seeds;https://www.seedbank.com/products/super-skunk-seeds/;20,38;0,04;0,79;0,00
original skunk 1 seeds;https://www.seedbank.com/products/original-skunk-1-seeds/;19,07;0,08;0,24;0,00
hindu kush seeds;https://www.seedbank.com/products/hindu-kush-seeds/;20,39;0,07;0,46;0,00
nyc diesel seeds;https://www.seedbank.com/products/nyc-diesel-seeds/;23,33;0,04;0,91;0,00
gelato seeds;https://www.seedbank.com/products/gelato-seeds/;22,00;0,04;0,59;0,00
la confidential seeds;https://www.seedbank.com/products/la-confidential-seeds/;21,37;0,15;0,45;0,16
blueberry fast flowering seeds;https://www.seedbank.com/products/blueberry-fast-flowering-seeds/;19,97;0,21;0,18;0,00
bubblegum strain;https://www.seedbank.com/products/bubblegum-strain/;24,55;0,04;0,48;0,00
legend og seeds;https://www.seedbank.com/products/legend-og-seeds/;23,90;0,10;0,83;0,04
bruce banner fast seeds;https://www.seedbank.com/products/bruce-banner-fast-seeds/;23,56;0,18;0,64;0,00
feminized tangie seeds for sale;https://www.seedbank.com/products/feminized-tangie-seeds-for-sale/;20,03;0,03;1,19;0,07
banana kush strain;https://www.seedbank.com/products/banana-kush-strain/;21,30;0,15;0,60;0,00
moby dick seeds;https://www.seedbank.com/products/moby-dick-seeds/;19,86;0,01;0,45;0,03
kali mist seeds;https://www.seedbank.com/products/kali-mist-seeds/;18,10;0,29;0,33;0,00
star killer seeds;https://www.seedbank.com/products/star-killer-seeds/;24,14;0,07;0,60;0,07
blue widow seeds;https://www.seedbank.com/products/blue-widow-seeds/;17,64;0,08;0,26;0,00
cbd white widow;https://www.seedbank.com/products/cbd-white-widow/;1,66;10,19;0,20;0,00
cbd sour tangie seeds;https://www.seedbank.com/products/cbd-sour-tangie-seeds/;1,28;24,98;0,66;0,11
auto g13 seeds;https://www.seedbank.com/products/auto-g13-seeds/;21,83;0,05;0,74;0,00
ak 47 seeds;https://www.seedbank.com/products/ak-47-seeds/;19,50;0,15;0,51;0,00
california dream seeds;https://www.seedbank.com/products/california-dream-seeds/;17,39;0,19;0,81;0,16
purple kush seeds;https://www.seedbank.com/products/purple-kush-seeds/;22,32;0,16;0,16;0,00
fire og strain;https://www.seedbank.com/products/fire-og-strain/;23,79;0,06;0,78;0,00
pineapple haze seeds;https://www.seedbank.com/products/pineapple-haze-seeds/;19,70;0,21;0,34;0,00
cinderella 99 seeds;https://www.seedbank.com/products/cinderella-99-seeds/;19,39;0,07;0,70;0,04
lemon diesel seeds;https://www.seedbank.com/products/lemon-diesel-seeds/;22,17;0,07;0,42;0,02
cement shoes seeds;https://www.seedbank.com/products/cement-shoes-seeds/;24,50;0,05;0,39;0,00
blackberry kush seeds;https://www.seedbank.com/products/blackberry-kush-seeds/;22,41;0,11;0,57;0,01
big bud;https://www.seedbank.com/products/big-bud/;19,64;0,15;0,50;0,00
supreme cbd durban seeds;https://www.seedbank.com/products/supreme-cbd-durban-seeds/;11,11;10,16;1,69;0,06
cream caramel seeds;https://www.seedbank.com/products/cream-caramel-seeds/;20,38;0,12;0,61;0,00
purple thai seeds;https://www.seedbank.com/products/purple-thai-seeds/;21,39;0,03;0,61;0,00
power plant seeds;https://www.seedbank.com/products/power-plant-seeds/;16,42;0,02;0,70;0,01
black widow strain;https://www.seedbank.com/products/black-widow-strain/;21,81;0,07;0,53;0,00
big bud fast flowering seeds;https://www.seedbank.com/products/big-bud-fast-flowering-seeds/;19,64;0,15;0,50;0,00
maple leaf indica seeds;https://www.seedbank.com/products/maple-leaf-indica-seeds/;20,24;0,00;1,06;0,00
sweet tooth seeds;https://www.seedbank.com/products/sweet-tooth-seeds/;20,68;0,63;0,54;0,12
critical mass fast flowering seeds;https://www.seedbank.com/products/critical-mass-fast-flowering-seeds/;18,39;2,69;0,85;0,13
ak 47 fast flowering seeds;https://www.seedbank.com/products/ak-47-fast-flowering-seeds/;17,48;0,11;0,54;0,01
shiskaberry seeds;https://www.seedbank.com/products/shiskaberry-seeds/;22,98;0,22;0,17;0,24
super silver haze seeds;https://www.seedbank.com/products/super-silver-haze-seeds/;23,77;0,13;0,44;0,00
critical jack seeds;https://www.seedbank.com/products/critical-jack-seeds/;24,56;0,07;1,66;0,00
lemon tree seeds;https://www.seedbank.com/products/lemon-tree-seeds/;19,65;0,04;0,51;0,00
3 kings seeds;https://www.seedbank.com/products/3-kings-seeds/;21,68;0,03;0,49;0,00
blue cheese seeds;https://www.seedbank.com/products/blue-cheese-seeds/;19,28;0,22;0,24;0,00
24k gold seeds;https://www.seedbank.com/products/24k-gold-seeds/;19,56;0,13;1,09;0,11
sfv og kush seeds;https://www.seedbank.com/products/sfv-og-kush-seeds/;21,36;0,68;0,73;0,22
great white shark seeds;https://www.seedbank.com/products/great-white-shark-seeds/;19,98;0,08;0,13;0,00
uk cheese seeds;https://www.seedbank.com/products/uk-cheese-seeds/;18,57;0,16;0,72;0,03
cbd super silver haze seeds;https://www.seedbank.com/products/cbd-super-silver-haze-seeds/;14,75;12,15;0,38;0,23
blue haze seeds;https://www.seedbank.com/products/blue-haze-seeds/;21,76;0,15;0,24;0,07
white russian seeds;https://www.seedbank.com/products/white-russian-seeds/;15,27;0,14;0,17;0,00
gold leaf seeds;https://www.seedbank.com/products/gold-leaf-seeds/;21,80;17,48;0,27;0,35
humboldt seeds;https://www.seedbank.com/products/humboldt-seeds/;21,42;0,00;0,03;0,00
lavender seeds;https://www.seedbank.com/products/lavender-seeds/;20,86;0,10;1,22;0,00
sweet island skunk seeds;https://www.seedbank.com/products/sweet-island-skunk-seeds/;0,00;0,00;0,00;0,00
somango seeds;https://www.seedbank.com/products/somango-seeds/;22,50;0,02;0,44;0,06
cbd sour lemon haze seeds;https://www.seedbank.com/products/cbd-sour-lemon-haze-seeds/;9,23;8,10;5,39;0,20
feminized mk ultra seeds;https://www.seedbank.com/products/feminized-mk-ultra-seeds/;23,10;0,24;0,61;0,00
black domina seeds;https://www.seedbank.com/products/black-domina-seeds/;23,86;0,05;1,00;0,00
amnesia fast flowering seeds;https://www.seedbank.com/products/amnesia-fast-flowering-seeds/;19,75;0,28;0,70;0,00
cbd jack herer seeds;https://www.seedbank.com/products/cbd-jack-herer-seeds/;10,33;8,24;0,42;0,00
early skunk seeds;https://www.seedbank.com/products/early-skunk-seeds/;19,43;0,05;1,37;0,00
tahoe kush seeds;https://www.seedbank.com/products/tahoe-kush-seeds/;20,02;0,01;0,52;0,06
cbd chemdog seeds;https://www.seedbank.com/products/cbd-chemdog-seeds/;16,67;9,43;0,44;0,07
orange bud seeds;https://www.seedbank.com/products/orange-bud-seeds/;19,83;0,02;0,93;0,01
agent orange seeds;https://www.seedbank.com/products/agent-orange-seeds/;24,46;0,17;0,44;0,00
stardawg seeds;https://www.seedbank.com/products/stardawg-seeds/;21,32;0,03;0,35;0,00
exodus cheese seeds;https://www.seedbank.com/products/exodus-cheese-seeds/;17,47;0,49;1,13;0,29
mazar seeds;https://www.seedbank.com/products/mazar-seeds/;19,41;0,11;0,59;0,01
cbd kush seeds;https://www.seedbank.com/products/cbd-kush-seeds/;9,70;10,12;0,05;0,00
blue og seeds;https://www.seedbank.com/products/blue-og-seeds/;21,34;0,08;0,26;0,00
ice cream cake seeds;https://www.seedbank.com/products/ice-cream-cake-seeds/;21,13;0,04;0,69;0,00
pineapple express seeds;https://www.seedbank.com/products/pineapple-express-seeds/;21,34;0,09;0,54;0,00
